Workbook

Sheet 黃祈雯
B1: 115年度彰化區漁會年度考核/績效成績表
B2: 姓名 | C2: 黃祈雯 | F2: 服務部門 | H2: 總幹事室
B3: 工作內容(必填) | C3: 人事/財產管理/
B4: 考核期間 | C4: 115年O1月至12月 | H4: 主管 | J4: 員工
B5: 考 核 項 目 | C5: 考核內容 | F5: 分數(0~100) | H5: 考核 | I5: 績效 | J5: 考核 | K5: 績效
B6: 工作知能及 公文績效 | C6: 嫻熟工作相關專業知識，對於承辦業務能提出具體改進措施，或簡化工作流程，提升效能效率，增進工作績效。公文處理均能掌握品質及時效，臨時交辦案件亦能依限完成。 | H6: 0.3 | I6: 0.2 | J6: 0.3 | K6: 0.25
B7: 服務態度、工作積極及品德操守 | C7: 負責盡職，積極辦理業務，落實顧客導向，提升服務品質。發揮團隊精神，對於工作與職務調整，及與他人協調合作，能優先考量組織目標之達成。 公正和藹，保守秘密，謹慎勤勉，誠實廉潔，無奢侈、放蕩、冶遊、賭博及其他有害聲譽之行為。 | H7: 0.3 | I7: 0.2 | J7: 0.4 | K7: 0.25
B8: 領導協調 能力(主管職務) | C8: 具判斷決策溝通協調能力，並能傳授知識、經驗、技能，適當指導同仁，且經常檢討工作計畫執行情形，達成預定績效目標。 | H8: 0.1 | I8: 0.1 | J8: 0 | K8: 0
B9: 年度目標達成度 | C9: 達成漁會訂定之目標值或成效，如期完成或較預定進度超前，充分達成計畫目標，績效卓著。 | H9: 0.3 | I9: 0.5 | J9: 0.3 | K9: 0.5
B10: 個人重大具體優劣事蹟(受考人如有工作、操行、學識、才能等重大具體優劣事蹟，足資紀錄者，應填於本欄 ，以作為考評之重要參據。) 或主管評定優等或丙等(含)以下應加敘事由或事蹟 | H10: =SUM(H6:H9) | I10: =SUM(I6:I9) | J10: =SUM(J6:J9) | K10: =SUM(K6:K9)
B12: 單位主管評定等級及分數 (請簽章) | F12: 總幹事綜合考評 (請簽章)
B13: 考核 | D13: =IFERROR( IF( INDEX(參數!$A:$D, MATCH(C2, 參數!$B:$B, 0), 4) = "員工", ROUND(SUM(F6*J6, F7*J7, F8*J8, F9*J9), 0), IF( INDEX(參數!$A:$D, MATCH(C2, 參數!$B:$B, 0), 4) = "主管", ROUND(SUM(F6*H6, F7*H7, F8*H8, F9*H9), 0), "" ) ), "" ) | E13: {=IF(AND(ISNUMBER($D$13),$D$13>0), IFERROR( _xlfn.IFS( $D$13>=90,"考核:優", $D$13>=80,"考核:甲", $D$13>=70,"考核:乙", $D$13>=60,"考核:丙", $D$13>=50,"考核:丁", $D$13>=1,"考核:戊" ), "" ), "" )}
B14: 績效 | D14: =IFERROR( IF( INDEX(參數!$A:$D, MATCH(C2, 參數!$B:$B, 0), 4) = "員工", ROUND(SUM(F6*K6, F7*K7, F8*K8, F9*K9), 0), IF( INDEX(參數!$A:$D, MATCH(C2, 參數!$B:$B, 0), 4) = "主管", ROUND(SUM(F6*I6, F7*I7, F8*I8, F9*I9), 0), "" ) ), "" ) | E14: {=IF(AND(ISNUMBER($D$14),$D$14>0), IFERROR( _xlfn.IFS( $D$14>=90,"績效:優", $D$14>=80,"績效:甲", $D$14>=70,"績效:乙", $D$14>=60,"績效:丙", $D$14>=50,"績效:丁", $D$14>=1,"績效:戊" ), "" ), "" )}
B15: 附註 : 一 、依據漁會人事管理辦法第54條規定訂定，但各漁會得視業務特性及需要自行訂定。
B16: 二 、平時考核紀錄等級分為6級，平時考核紀錄等級分述如下:
B17: 優:90-99(表現優異，足為同仁表率。)
B18: 甲:80-89(表現明顯地超出該職責的要求水準。)
B19: 乙:70-79(表現均能達到要求水準。)
B20: 丙:60-69(表現未盡符合基本要求。)
B21: 丁:50-59(表現多未達基本要求，經勸導仍未改進者。)
B22: 戊:40-49(無故曠工。)

Sheet 陳志清
B1: 115年度彰化區漁會年度考核/績效成績表
B2: 姓名 | C2: 陳志清 | F2: 服務部門 | H2: 總幹事室
B3: 工作內容(必填)
B4: 考核期間 | C4: 115年O1月至12月 | H4: 主管 | J4: 員工
B5: 考 核 項 目 | C5: 考核內容 | F5: 分數(0~100) | H5: 考核 | I5: 績效 | J5: 考核 | K5: 績效
B6: 工作知能及 公文績效 | C6: 嫻熟工作相關專業知識，對於承辦業務能提出具體改進措施，或簡化工作流程，提升效能效率，增進工作績效。公文處理均能掌握品質及時效，臨時交辦案件亦能依限完成。 | H6: 0.3 | I6: 0.2 | J6: 0.3 | K6: 0.25
B7: 服務態度、工作積極及品德操守 | C7: 負責盡職，積極辦理業務，落實顧客導向，提升服務品質。發揮團隊精神，對於工作與職務調整，及與他人協調合作，能優先考量組織目標之達成。 公正和藹，保守秘密，謹慎勤勉，誠實廉潔，無奢侈、放蕩、冶遊、賭博及其他有害聲譽之行為。 | H7: 0.3 | I7: 0.2 | J7: 0.4 | K7: 0.25
B8: 領導協調 能力(主管職務) | C8: 具判斷決策溝通協調能力，並能傳授知識、經驗、技能，適當指導同仁，且經常檢討工作計畫執行情形，達成預定績效目標。 | H8: 0.1 | I8: 0.1 | J8: 0 | K8: 0
B9: 年度目標達成度 | C9: 達成漁會訂定之目標值或成效，如期完成或較預定進度超前，充分達成計畫目標，績效卓著。 | H9: 0.3 | I9: 0.5 | J9: 0.3 | K9: 0.5
B10: 個人重大具體優劣事蹟(受考人如有工作、操行、學識、才能等重大具體優劣事蹟，足資紀錄者，應填於本欄 ，以作為考評之重要參據。) 或主管評定優等或丙等(含)以下應加敘事由或事蹟 | H10: =SUM(H6:H9) | I10: =SUM(I6:I9) | J10: =SUM(J6:J9) | K10: =SUM(K6:K9)
B12: 單位主管評定等級及分數 (請簽章) | F12: 總幹事綜合考評 (請簽章)
B13: 考核 | D13: =IFERROR( IF( INDEX(參數!$A:$D, MATCH(C2, 參數!$B:$B, 0), 4) = "員工", ROUND(SUM(F6*J6, F7*J7, F8*J8, F9*J9), 0), IF( INDEX(參數!$A:$D, MATCH(C2, 參數!$B:$B, 0), 4) = "主管", ROUND(SUM(F6*H6, F7*H7, F8*H8, F9*H9), 0), "" ) ), "" ) | E13: {=IF(AND(ISNUMBER($D$13),$D$13>0), IFERROR( _xlfn.IFS( $D$13>=90,"考核:優", $D$13>=80,"考核:甲", $D$13>=70,"考核:乙", $D$13>=60,"考核:丙", $D$13>=50,"考核:丁", $D$13>=1,"考核:戊" ), "" ), "" )}
B14: 績效 | D14: =IFERROR( IF( INDEX(參數!$A:$D, MATCH(C2, 參數!$B:$B, 0), 4) = "員工", ROUND(SUM(F6*K6, F7*K7, F8*K8, F9*K9), 0), IF( INDEX(參數!$A:$D, MATCH(C2, 參數!$B:$B, 0), 4) = "主管", ROUND(SUM(F6*I6, F7*I7, F8*I8, F9*I9), 0), "" ) ), "" ) | E14: {=IF(AND(ISNUMBER($D$14),$D$14>0), IFERROR( _xlfn.IFS( $D$14>=90,"績效:優", $D$14>=80,"績效:甲", $D$14>=70,"績效:乙", $D$14>=60,"績效:丙", $D$14>=50,"績效:丁", $D$14>=1,"績效:戊" ), "" ), "" )}
B15: 附註 : 一 、依據漁會人事管理辦法第54條規定訂定，但各漁會得視業務特性及需要自行訂定。
B16: 二 、平時考核紀錄等級分為6級，平時考核紀錄等級分述如下:
B17: 優:90-99(表現優異，足為同仁表率。)
B18: 甲:80-89(表現明顯地超出該職責的要求水準。)
B19: 乙:70-79(表現均能達到要求水準。)
B20: 丙:60-69(表現未盡符合基本要求。)
B21: 丁:50-59(表現多未達基本要求，經勸導仍未改進者。)
B22: 戊:40-49(無故曠工。)

Sheet 陳玉芳
B1: 115年度彰化區漁會年度考核/績效成績表
B2: 姓名 | C2: 陳玉芳 | F2: 服務部門 | H2: 供銷部
B3: 工作內容(必填) | C3: 供銷業務統籌及推展。
B4: 考核期間 | C4: 115年O1月至12月 | H4: 主管 | J4: 員工
B5: 考 核 項 目 | C5: 考核內容 | F5: 分數(0~100) | H5: 考核 | I5: 績效 | J5: 考核 | K5: 績效
B6: 工作知能及 公文績效 | C6: 嫻熟工作相關專業知識，對於承辦業務能提出具體改進措施，或簡化工作流程，提升效能效率，增進工作績效。公文處理均能掌握品質及時效，臨時交辦案件亦能依限完成。 | H6: 0.3 | I6: 0.2 | J6: 0.3 | K6: 0.25
B7: 服務態度、工作積極及品德操守 | C7: 負責盡職，積極辦理業務，落實顧客導向，提升服務品質。發揮團隊精神，對於工作與職務調整，及與他人協調合作，能優先考量組織目標之達成。 公正和藹，保守秘密，謹慎勤勉，誠實廉潔，無奢侈、放蕩、冶遊、賭博及其他有害聲譽之行為。 | H7: 0.3 | I7: 0.2 | J7: 0.4 | K7: 0.25
B8: 領導協調 能力(主管職務) | C8: 具判斷決策溝通協調能力，並能傳授知識、經驗、技能，適當指導同仁，且經常檢討工作計畫執行情形，達成預定績效目標。 | H8: 0.1 | I8: 0.1 | J8: 0 | K8: 0
B9: 年度目標達成度 | C9: 達成漁會訂定之目標值或成效，如期完成或較預定進度超前，充分達成計畫目標，績效卓著。 | H9: 0.3 | I9: 0.5 | J9: 0.3 | K9: 0.5
B10: 個人重大具體優劣事蹟(受考人如有工作、操行、學識、才能等重大具體優劣事蹟，足資紀錄者，應填於本欄 ，以作為考評之重要參據。) 或主管評定優等或丙等(含)以下應加敘事由或事蹟 | H10: =SUM(H6:H9) | I10: =SUM(I6:I9) | J10: =SUM(J6:J9) | K10: =SUM(K6:K9)
B12: 單位主管評定等級及分數 (請簽章) | F12: 總幹事綜合考評 (請簽章)
B13: 考核 | D13: =IFERROR( IF( INDEX(參數!$A:$D, MATCH(C2, 參數!$B:$B, 0), 4) = "員工", ROUND(SUM(F6*J6, F7*J7, F8*J8, F9*J9), 0), IF( INDEX(參數!$A:$D, MATCH(C2, 參數!$B:$B, 0), 4) = "主管", ROUND(SUM(F6*H6, F7*H7, F8*H8, F9*H9), 0), "" ) ), "" ) | E13: {=IF(AND(ISNUMBER($D$13),$D$13>0), IFERROR( _xlfn.IFS( $D$13>=90,"考核:優", $D$13>=80,"考核:甲", $D$13>=70,"考核:乙", $D$13>=60,"考核:丙", $D$13>=50,"考核:丁", $D$13>=1,"考核:戊" ), "" ), "" )}
B14: 績效 | D14: =IFERROR( IF( INDEX(參數!$A:$D, MATCH(C2, 參數!$B:$B, 0), 4) = "員工", ROUND(SUM(F6*K6, F7*K7, F8*K8, F9*K9), 0), IF( INDEX(參數!$A:$D, MATCH(C2, 參數!$B:$B, 0), 4) = "主管", ROUND(SUM(F6*I6, F7*I7, F8*I8, F9*I9), 0), "" ) ), "" ) | E14: {=IF(AND(ISNUMBER($D$14),$D$14>0), IFERROR( _xlfn.IFS( $D$14>=90,"績效:優", $D$14>=80,"績效:甲", $D$14>=70,"績效:乙", $D$14>=60,"績效:丙", $D$14>=50,"績效:丁", $D$14>=1,"績效:戊" ), "" ), "" )}
B15: 附註 : 一 、依據漁會人事管理辦法第54條規定訂定，但各漁會得視業務特性及需要自行訂定。
B16: 二 、平時考核紀錄等級分為6級，平時考核紀錄等級分述如下:
B17: 優:90-99(表現優異，足為同仁表率。)
B18: 甲:80-89(表現明顯地超出該職責的要求水準。)
B19: 乙:70-79(表現均能達到要求水準。)
B20: 丙:60-69(表現未盡符合基本要求。)
B21: 丁:50-59(表現多未達基本要求，經勸導仍未改進者。)
B22: 戊:40-49(無故曠工。)

Sheet 高傳和
B1: 115年度彰化區漁會年度考核/績效成績表
B2: 姓名 | C2: 高傳和 | F2: 服務部門 | H2: 埔心魚市場
B3: 工作內容(必填) | C3: 統籌管理埔心魚市場業務。
B4: 考核期間 | C4: 115年O1月至12月 | H4: 主管 | J4: 員工
B5: 考 核 項 目 | C5: 考核內容 | F5: 分數(0~100) | H5: 考核 | I5: 績效 | J5: 考核 | K5: 績效
B6: 工作知能及 公文績效 | C6: 嫻熟工作相關專業知識，對於承辦業務能提出具體改進措施，或簡化工作流程，提升效能效率，增進工作績效。公文處理均能掌握品質及時效，臨時交辦案件亦能依限完成。 | H6: 0.3 | I6: 0.2 | J6: 0.3 | K6: 0.25
B7: 服務態度、工作積極及品德操守 | C7: 負責盡職，積極辦理業務，落實顧客導向，提升服務品質。發揮團隊精神，對於工作與職務調整，及與他人協調合作，能優先考量組織目標之達成。 公正和藹，保守秘密，謹慎勤勉，誠實廉潔，無奢侈、放蕩、冶遊、賭博及其他有害聲譽之行為。 | H7: 0.3 | I7: 0.2 | J7: 0.4 | K7: 0.25
B8: 領導協調 能力(主管職務) | C8: 具判斷決策溝通協調能力，並能傳授知識、經驗、技能，適當指導同仁，且經常檢討工作計畫執行情形，達成預定績效目標。 | H8: 0.1 | I8: 0.1 | J8: 0 | K8: 0
B9: 年度目標達成度 | C9: 達成漁會訂定之目標值或成效，如期完成或較預定進度超前，充分達成計畫目標，績效卓著。 | H9: 0.3 | I9: 0.5 | J9: 0.3 | K9: 0.5
B10: 個人重大具體優劣事蹟(受考人如有工作、操行、學識、才能等重大具體優劣事蹟，足資紀錄者，應填於本欄 ，以作為考評之重要參據。) 或主管評定優等或丙等(含)以下應加敘事由或事蹟 | H10: =SUM(H6:H9) | I10: =SUM(I6:I9) | J10: =SUM(J6:J9) | K10: =SUM(K6:K9)
B12: 單位主管評定等級及分數 (請簽章) | F12: 總幹事綜合考評 (請簽章)
B13: 考核 | D13: =IFERROR( IF( INDEX(參數!$A:$D, MATCH(C2, 參數!$B:$B, 0), 4) = "員工", ROUND(SUM(F6*J6, F7*J7, F8*J8, F9*J9), 0), IF( INDEX(參數!$A:$D, MATCH(C2, 參數!$B:$B, 0), 4) = "主管", ROUND(SUM(F6*H6, F7*H7, F8*H8, F9*H9), 0), "" ) ), "" ) | E13: {=IF(AND(ISNUMBER($D$13),$D$13>0), IFERROR( _xlfn.IFS( $D$13>=90,"考核:優", $D$13>=80,"考核:甲", $D$13>=70,"考核:乙", $D$13>=60,"考核:丙", $D$13>=50,"考核:丁", $D$13>=1,"考核:戊" ), "" ), "" )}
B14: 績效 | D14: =IFERROR( IF( INDEX(參數!$A:$D, MATCH(C2, 參數!$B:$B, 0), 4) = "員工", ROUND(SUM(F6*K6, F7*K7, F8*K8, F9*K9), 0), IF( INDEX(參數!$A:$D, MATCH(C2, 參數!$B:$B, 0), 4) = "主管", ROUND(SUM(F6*I6, F7*I7, F8*I8, F9*I9), 0), "" ) ), "" ) | E14: {=IF(AND(ISNUMBER($D$14),$D$14>0), IFERROR( _xlfn.IFS( $D$14>=90,"績效:優", $D$14>=80,"績效:甲", $D$14>=70,"績效:乙", $D$14>=60,"績效:丙", $D$14>=50,"績效:丁", $D$14>=1,"績效:戊" ), "" ), "" )}
B15: 附註 : 一 、依據漁會人事管理辦法第54條規定訂定，但各漁會得視業務特性及需要自行訂定。
B16: 二 、平時考核紀錄等級分為6級，平時考核紀錄等級分述如下:
B17: 優:90-99(表現優異，足為同仁表率。)
B18: 甲:80-89(表現明顯地超出該職責的要求水準。)
B19: 乙:70-79(表現均能達到要求水準。)
B20: 丙:60-69(表現未盡符合基本要求。)
B21: 丁:50-59(表現多未達基本要求，經勸導仍未改進者。)
B22: 戊:40-49(無故曠工。)

Sheet 林建興
B1: 115年度彰化區漁會年度考核/績效成績表
B2: 姓名 | C2: 林建興 | F2: 服務部門 | H2: 埔心魚市場
B3: 工作內容(必填) | C3: 拍賣員後台帳務
B4: 考核期間 | C4: 115年O1月至12月 | H4: 主管 | J4: 員工
B5: 考 核 項 目 | C5: 考核內容 | F5: 分數(0~100) | H5: 考核 | I5: 績效 | J5: 考核 | K5: 績效
B6: 工作知能及 公文績效 | C6: 嫻熟工作相關專業知識，對於承辦業務能提出具體改進措施，或簡化工作流程，提升效能效率，增進工作績效。公文處理均能掌握品質及時效，臨時交辦案件亦能依限完成。 | H6: 0.3 | I6: 0.2 | J6: 0.3 | K6: 0.25
B7: 服務態度、工作積極及品德操守 | C7: 負責盡職，積極辦理業務，落實顧客導向，提升服務品質。發揮團隊精神，對於工作與職務調整，及與他人協調合作，能優先考量組織目標之達成。 公正和藹，保守秘密，謹慎勤勉，誠實廉潔，無奢侈、放蕩、冶遊、賭博及其他有害聲譽之行為。 | H7: 0.3 | I7: 0.2 | J7: 0.4 | K7: 0.25
B8: 領導協調 能力(主管職務) | C8: 具判斷決策溝通協調能力，並能傳授知識、經驗、技能，適當指導同仁，且經常檢討工作計畫執行情形，達成預定績效目標。 | H8: 0.1 | I8: 0.1 | J8: 0 | K8: 0
B9: 年度目標達成度 | C9: 達成漁會訂定之目標值或成效，如期完成或較預定進度超前，充分達成計畫目標，績效卓著。 | H9: 0.3 | I9: 0.5 | J9: 0.3 | K9: 0.5
B10: 個人重大具體優劣事蹟(受考人如有工作、操行、學識、才能等重大具體優劣事蹟，足資紀錄者，應填於本欄 ，以作為考評之重要參據。) 或主管評定優等或丙等(含)以下應加敘事由或事蹟 | H10: =SUM(H6:H9) | I10: =SUM(I6:I9) | J10: =SUM(J6:J9) | K10: =SUM(K6:K9)
B12: 單位主管評定等級及分數 (請簽章) | F12: 總幹事綜合考評 (請簽章)
B13: 考核 | D13: =IFERROR( IF( INDEX(參數!$A:$D, MATCH(C2, 參數!$B:$B, 0), 4) = "員工", ROUND(SUM(F6*J6, F7*J7, F8*J8, F9*J9), 0), IF( INDEX(參數!$A:$D, MATCH(C2, 參數!$B:$B, 0), 4) = "主管", ROUND(SUM(F6*H6, F7*H7, F8*H8, F9*H9), 0), "" ) ), "" ) | E13: {=IF(AND(ISNUMBER($D$13),$D$13>0), IFERROR( _xlfn.IFS( $D$13>=90,"考核:優", $D$13>=80,"考核:甲", $D$13>=70,"考核:乙", $D$13>=60,"考核:丙", $D$13>=50,"考核:丁", $D$13>=1,"考核:戊" ), "" ), "" )}
B14: 績效 | D14: =IFERROR( IF( INDEX(參數!$A:$D, MATCH(C2, 參數!$B:$B, 0), 4) = "員工", ROUND(SUM(F6*K6, F7*K7, F8*K8, F9*K9), 0), IF( INDEX(參數!$A:$D, MATCH(C2, 參數!$B:$B, 0), 4) = "主管", ROUND(SUM(F6*I6, F7*I7, F8*I8, F9*I9), 0), "" ) ), "" ) | E14: {=IF(AND(ISNUMBER($D$14),$D$14>0), IFERROR( _xlfn.IFS( $D$14>=90,"績效:優", $D$14>=80,"績效:甲", $D$14>=70,"績效:乙", $D$14>=60,"績效:丙", $D$14>=50,"績效:丁", $D$14>=1,"績效:戊" ), "" ), "" )}
B15: 附註 : 一 、依據漁會人事管理辦法第54條規定訂定，但各漁會得視業務特性及需要自行訂定。
B16: 二 、平時考核紀錄等級分為6級，平時考核紀錄等級分述如下:
B17: 優:90-99(表現優異，足為同仁表率。)
B18: 甲:80-89(表現明顯地超出該職責的要求水準。)
B19: 乙:70-79(表現均能達到要求水準。)
B20: 丙:60-69(表現未盡符合基本要求。)
B21: 丁:50-59(表現多未達基本要求，經勸導仍未改進者。)
B22: 戊:40-49(無故曠工。)

Sheet 許展彰
B1: 115年度彰化區漁會年度考核/績效成績表
B2: 姓名 | C2: 許展彰 | F2: 服務部門 | H2: 埔心魚市場
B3: 工作內容(必填) | C3: 統籌管理埔心魚市場業務。
B4: 考核期間 | C4: 115年O1月至12月 | H4: 主管 | J4: 員工
B5: 考 核 項 目 | C5: 考核內容 | F5: 分數(0~100) | H5: 考核 | I5: 績效 | J5: 考核 | K5: 績效
B6: 工作知能及 公文績效 | C6: 嫻熟工作相關專業知識，對於承辦業務能提出具體改進措施，或簡化工作流程，提升效能效率，增進工作績效。公文處理均能掌握品質及時效，臨時交辦案件亦能依限完成。 | H6: 0.3 | I6: 0.2 | J6: 0.3 | K6: 0.25
B7: 服務態度、工作積極及品德操守 | C7: 負責盡職，積極辦理業務，落實顧客導向，提升服務品質。發揮團隊精神，對於工作與職務調整，及與他人協調合作，能優先考量組織目標之達成。 公正和藹，保守秘密，謹慎勤勉，誠實廉潔，無奢侈、放蕩、冶遊、賭博及其他有害聲譽之行為。 | H7: 0.3 | I7: 0.2 | J7: 0.4 | K7: 0.25
B8: 領導協調 能力(主管職務) | C8: 具判斷決策溝通協調能力，並能傳授知識、經驗、技能，適當指導同仁，且經常檢討工作計畫執行情形，達成預定績效目標。 | H8: 0.1 | I8: 0.1 | J8: 0 | K8: 0
B9: 年度目標達成度 | C9: 達成漁會訂定之目標值或成效，如期完成或較預定進度超前，充分達成計畫目標，績效卓著。 | H9: 0.3 | I9: 0.5 | J9: 0.3 | K9: 0.5
B10: 個人重大具體優劣事蹟(受考人如有工作、操行、學識、才能等重大具體優劣事蹟，足資紀錄者，應填於本欄 ，以作為考評之重要參據。) 或主管評定優等或丙等(含)以下應加敘事由或事蹟 | H10: =SUM(H6:H9) | I10: =SUM(I6:I9) | J10: =SUM(J6:J9) | K10: =SUM(K6:K9)
B12: 單位主管評定等級及分數 (請簽章) | F12: 總幹事綜合考評 (請簽章)
B13: 考核 | D13: =IFERROR( IF( INDEX(參數!$A:$D, MATCH(C2, 參數!$B:$B, 0), 4) = "員工", ROUND(SUM(F6*J6, F7*J7, F8*J8, F9*J9), 0), IF( INDEX(參數!$A:$D, MATCH(C2, 參數!$B:$B, 0), 4) = "主管", ROUND(SUM(F6*H6, F7*H7, F8*H8, F9*H9), 0), "" ) ), "" ) | E13: {=IF(AND(ISNUMBER($D$13),$D$13>0), IFERROR( _xlfn.IFS( $D$13>=90,"考核:優", $D$13>=80,"考核:甲", $D$13>=70,"考核:乙", $D$13>=60,"考核:丙", $D$13>=50,"考核:丁", $D$13>=1,"考核:戊" ), "" ), "" )}
B14: 績效 | D14: =IFERROR( IF( INDEX(參數!$A:$D, MATCH(C2, 參數!$B:$B, 0), 4) = "員工", ROUND(SUM(F6*K6, F7*K7, F8*K8, F9*K9), 0), IF( INDEX(參數!$A:$D, MATCH(C2, 參數!$B:$B, 0), 4) = "主管", ROUND(SUM(F6*I6, F7*I7, F8*I8, F9*I9), 0), "" ) ), "" ) | E14: {=IF(AND(ISNUMBER($D$14),$D$14>0), IFERROR( _xlfn.IFS( $D$14>=90,"績效:優", $D$14>=80,"績效:甲", $D$14>=70,"績效:乙", $D$14>=60,"績效:丙", $D$14>=50,"績效:丁", $D$14>=1,"績效:戊" ), "" ), "" )}
B15: 附註 : 一 、依據漁會人事管理辦法第54條規定訂定，但各漁會得視業務特性及需要自行訂定。
B16: 二 、平時考核紀錄等級分為6級，平時考核紀錄等級分述如下:
B17: 優:90-99(表現優異，足為同仁表率。)
B18: 甲:80-89(表現明顯地超出該職責的要求水準。)
B19: 乙:70-79(表現均能達到要求水準。)
B20: 丙:60-69(表現未盡符合基本要求。)
B21: 丁:50-59(表現多未達基本要求，經勸導仍未改進者。)
B22: 戊:40-49(無故曠工。)

Sheet 林溪河
B1: 115年度彰化區漁會年度考核/績效成績表
B2: 姓名 | C2: 林溪河 | F2: 服務部門 | H2: 埔心魚市場
B3: 工作內容(必填) | C3: 統籌埔心魚市場財務管理業務。
B4: 考核期間 | C4: 115年O1月至12月 | H4: 主管 | J4: 員工
B5: 考 核 項 目 | C5: 考核內容 | F5: 分數(0~100) | H5: 考核 | I5: 績效 | J5: 考核 | K5: 績效
B6: 工作知能及 公文績效 | C6: 嫻熟工作相關專業知識，對於承辦業務能提出具體改進措施，或簡化工作流程，提升效能效率，增進工作績效。公文處理均能掌握品質及時效，臨時交辦案件亦能依限完成。 | H6: 0.3 | I6: 0.2 | J6: 0.3 | K6: 0.25
B7: 服務態度、工作積極及品德操守 | C7: 負責盡職，積極辦理業務，落實顧客導向，提升服務品質。發揮團隊精神，對於工作與職務調整，及與他人協調合作，能優先考量組織目標之達成。 公正和藹，保守秘密，謹慎勤勉，誠實廉潔，無奢侈、放蕩、冶遊、賭博及其他有害聲譽之行為。 | H7: 0.3 | I7: 0.2 | J7: 0.4 | K7: 0.25
B8: 領導協調 能力(主管職務) | C8: 具判斷決策溝通協調能力，並能傳授知識、經驗、技能，適當指導同仁，且經常檢討工作計畫執行情形，達成預定績效目標。 | H8: 0.1 | I8: 0.1 | J8: 0 | K8: 0
B9: 年度目標達成度 | C9: 達成漁會訂定之目標值或成效，如期完成或較預定進度超前，充分達成計畫目標，績效卓著。 | H9: 0.3 | I9: 0.5 | J9: 0.3 | K9: 0.5
B10: 個人重大具體優劣事蹟(受考人如有工作、操行、學識、才能等重大具體優劣事蹟，足資紀錄者，應填於本欄 ，以作為考評之重要參據。) 或主管評定優等或丙等(含)以下應加敘事由或事蹟 | H10: =SUM(H6:H9) | I10: =SUM(I6:I9) | J10: =SUM(J6:J9) | K10: =SUM(K6:K9)
B12: 單位主管評定等級及分數 (請簽章) | F12: 總幹事綜合考評 (請簽章)
B13: 考核 | D13: =IFERROR( IF( INDEX(參數!$A:$D, MATCH(C2, 參數!$B:$B, 0), 4) = "員工", ROUND(SUM(F6*J6, F7*J7, F8*J8, F9*J9), 0), IF( INDEX(參數!$A:$D, MATCH(C2, 參數!$B:$B, 0), 4) = "主管", ROUND(SUM(F6*H6, F7*H7, F8*H8, F9*H9), 0), "" ) ), "" ) | E13: {=IF(AND(ISNUMBER($D$13),$D$13>0), IFERROR( _xlfn.IFS( $D$13>=90,"考核:優", $D$13>=80,"考核:甲", $D$13>=70,"考核:乙", $D$13>=60,"考核:丙", $D$13>=50,"考核:丁", $D$13>=1,"考核:戊" ), "" ), "" )}
B14: 績效 | D14: =IFERROR( IF( INDEX(參數!$A:$D, MATCH(C2, 參數!$B:$B, 0), 4) = "員工", ROUND(SUM(F6*K6, F7*K7, F8*K8, F9*K9), 0), IF( INDEX(參數!$A:$D, MATCH(C2, 參數!$B:$B, 0), 4) = "主管", ROUND(SUM(F6*I6, F7*I7, F8*I8, F9*I9), 0), "" ) ), "" ) | E14: {=IF(AND(ISNUMBER($D$14),$D$14>0), IFERROR( _xlfn.IFS( $D$14>=90,"績效:優", $D$14>=80,"績效:甲", $D$14>=70,"績效:乙", $D$14>=60,"績效:丙", $D$14>=50,"績效:丁", $D$14>=1,"績效:戊" ), "" ), "" )}
B15: 附註 : 一 、依據漁會人事管理辦法第54條規定訂定，但各漁會得視業務特性及需要自行訂定。
B16: 二 、平時考核紀錄等級分為6級，平時考核紀錄等級分述如下:
B17: 優:90-99(表現優異，足為同仁表率。)
B18: 甲:80-89(表現明顯地超出該職責的要求水準。)
B19: 乙:70-79(表現均能達到要求水準。)
B20: 丙:60-69(表現未盡符合基本要求。)
B21: 丁:50-59(表現多未達基本要求，經勸導仍未改進者。)
B22: 戊:40-49(無故曠工。)

Sheet 許淑如
B1: 115年度彰化區漁會年度考核/績效成績表
B2: 姓名 | C2: 許淑如 | F2: 服務部門 | H2: 王功辦事處
B3: 工作內容(必填) | C3: 王功辦事處各項業務管理。
B4: 考核期間 | C4: 115年O1月至12月 | H4: 主管 | J4: 員工
B5: 考 核 項 目 | C5: 考核內容 | F5: 分數(0~100) | H5: 考核 | I5: 績效 | J5: 考核 | K5: 績效
B6: 工作知能及 公文績效 | C6: 嫻熟工作相關專業知識，對於承辦業務能提出具體改進措施，或簡化工作流程，提升效能效率，增進工作績效。公文處理均能掌握品質及時效，臨時交辦案件亦能依限完成。 | H6: 0.3 | I6: 0.2 | J6: 0.3 | K6: 0.25
B7: 服務態度、工作積極及品德操守 | C7: 負責盡職，積極辦理業務，落實顧客導向，提升服務品質。發揮團隊精神，對於工作與職務調整，及與他人協調合作，能優先考量組織目標之達成。 公正和藹，保守秘密，謹慎勤勉，誠實廉潔，無奢侈、放蕩、冶遊、賭博及其他有害聲譽之行為。 | H7: 0.3 | I7: 0.2 | J7: 0.4 | K7: 0.25
B8: 領導協調 能力(主管職務) | C8: 具判斷決策溝通協調能力，並能傳授知識、經驗、技能，適當指導同仁，且經常檢討工作計畫執行情形，達成預定績效目標。 | H8: 0.1 | I8: 0.1 | J8: 0 | K8: 0
B9: 年度目標達成度 | C9: 達成漁會訂定之目標值或成效，如期完成或較預定進度超前，充分達成計畫目標，績效卓著。 | H9: 0.3 | I9: 0.5 | J9: 0.3 | K9: 0.5
B10: 個人重大具體優劣事蹟(受考人如有工作、操行、學識、才能等重大具體優劣事蹟，足資紀錄者，應填於本欄 ，以作為考評之重要參據。) 或主管評定優等或丙等(含)以下應加敘事由或事蹟 | H10: =SUM(H6:H9) | I10: =SUM(I6:I9) | J10: =SUM(J6:J9) | K10: =SUM(K6:K9)
B12: 單位主管評定等級及分數 (請簽章) | F12: 總幹事綜合考評 (請簽章)
B13: 考核 | D13: =IFERROR( IF( INDEX(參數!$A:$D, MATCH(C2, 參數!$B:$B, 0), 4) = "員工", ROUND(SUM(F6*J6, F7*J7, F8*J8, F9*J9), 0), IF( INDEX(參數!$A:$D, MATCH(C2, 參數!$B:$B, 0), 4) = "主管", ROUND(SUM(F6*H6, F7*H7, F8*H8, F9*H9), 0), "" ) ), "" ) | E13: {=IF(AND(ISNUMBER($D$13),$D$13>0), IFERROR( _xlfn.IFS( $D$13>=90,"考核:優", $D$13>=80,"考核:甲", $D$13>=70,"考核:乙", $D$13>=60,"考核:丙", $D$13>=50,"考核:丁", $D$13>=1,"考核:戊" ), "" ), "" )}
B14: 績效 | D14: =IFERROR( IF( INDEX(參數!$A:$D, MATCH(C2, 參數!$B:$B, 0), 4) = "員工", ROUND(SUM(F6*K6, F7*K7, F8*K8, F9*K9), 0), IF( INDEX(參數!$A:$D, MATCH(C2, 參數!$B:$B, 0), 4) = "主管", ROUND(SUM(F6*I6, F7*I7, F8*I8, F9*I9), 0), "" ) ), "" ) | E14: {=IF(AND(ISNUMBER($D$14),$D$14>0), IFERROR( _xlfn.IFS( $D$14>=90,"績效:優", $D$14>=80,"績效:甲", $D$14>=70,"績效:乙", $D$14>=60,"績效:丙", $D$14>=50,"績效:丁", $D$14>=1,"績效:戊" ), "" ), "" )}
B15: 附註 : 一 、依據漁會人事管理辦法第54條規定訂定，但各漁會得視業務特性及需要自行訂定。
B16: 二 、平時考核紀錄等級分為6級，平時考核紀錄等級分述如下:
B17: 優:90-99(表現優異，足為同仁表率。)
B18: 甲:80-89(表現明顯地超出該職責的要求水準。)
B19: 乙:70-79(表現均能達到要求水準。)
B20: 丙:60-69(表現未盡符合基本要求。)
B21: 丁:50-59(表現多未達基本要求，經勸導仍未改進者。)
B22: 戊:40-49(無故曠工。)

Sheet 洪玉映
B1: 115年度彰化區漁會年度考核/績效成績表
B2: 姓名 | C2: 洪玉映 | F2: 服務部門 | H2: 線西辦事處
B3: 工作內容(必填) | C3: 總理分部業務
B4: 考核期間 | C4: 115年O1月至12月 | H4: 主管 | J4: 員工
B5: 考 核 項 目 | C5: 考核內容 | F5: 分數(0~100) | H5: 考核 | I5: 績效 | J5: 考核 | K5: 績效
B6: 工作知能及 公文績效 | C6: 嫻熟工作相關專業知識，對於承辦業務能提出具體改進措施，或簡化工作流程，提升效能效率，增進工作績效。公文處理均能掌握品質及時效，臨時交辦案件亦能依限完成。 | H6: 0.3 | I6: 0.2 | J6: 0.3 | K6: 0.25
B7: 服務態度、工作積極及品德操守 | C7: 負責盡職，積極辦理業務，落實顧客導向，提升服務品質。發揮團隊精神，對於工作與職務調整，及與他人協調合作，能優先考量組織目標之達成。 公正和藹，保守秘密，謹慎勤勉，誠實廉潔，無奢侈、放蕩、冶遊、賭博及其他有害聲譽之行為。 | H7: 0.3 | I7: 0.2 | J7: 0.4 | K7: 0.25
B8: 領導協調 能力(主管職務) | C8: 具判斷決策溝通協調能力，並能傳授知識、經驗、技能，適當指導同仁，且經常檢討工作計畫執行情形，達成預定績效目標。 | H8: 0.1 | I8: 0.1 | J8: 0 | K8: 0
B9: 年度目標達成度 | C9: 達成漁會訂定之目標值或成效，如期完成或較預定進度超前，充分達成計畫目標，績效卓著。 | H9: 0.3 | I9: 0.5 | J9: 0.3 | K9: 0.5
B10: 個人重大具體優劣事蹟(受考人如有工作、操行、學識、才能等重大具體優劣事蹟，足資紀錄者，應填於本欄 ，以作為考評之重要參據。) 或主管評定優等或丙等(含)以下應加敘事由或事蹟 | H10: =SUM(H6:H9) | I10: =SUM(I6:I9) | J10: =SUM(J6:J9) | K10: =SUM(K6:K9)
B12: 單位主管評定等級及分數 (請簽章) | F12: 總幹事綜合考評 (請簽章)
B13: 考核 | D13: =IFERROR( IF( INDEX(參數!$A:$D, MATCH(C2, 參數!$B:$B, 0), 4) = "員工", ROUND(SUM(F6*J6, F7*J7, F8*J8, F9*J9), 0), IF( INDEX(參數!$A:$D, MATCH(C2, 參數!$B:$B, 0), 4) = "主管", ROUND(SUM(F6*H6, F7*H7, F8*H8, F9*H9), 0), "" ) ), "" ) | E13: {=IF(AND(ISNUMBER($D$13),$D$13>0), IFERROR( _xlfn.IFS( $D$13>=90,"考核:優", $D$13>=80,"考核:甲", $D$13>=70,"考核:乙", $D$13>=60,"考核:丙", $D$13>=50,"考核:丁", $D$13>=1,"考核:戊" ), "" ), "" )}
B14: 績效 | D14: =IFERROR( IF( INDEX(參數!$A:$D, MATCH(C2, 參數!$B:$B, 0), 4) = "員工", ROUND(SUM(F6*K6, F7*K7, F8*K8, F9*K9), 0), IF( INDEX(參數!$A:$D, MATCH(C2, 參數!$B:$B, 0), 4) = "主管", ROUND(SUM(F6*I6, F7*I7, F8*I8, F9*I9), 0), "" ) ), "" ) | E14: {=IF(AND(ISNUMBER($D$14),$D$14>0), IFERROR( _xlfn.IFS( $D$14>=90,"績效:優", $D$14>=80,"績效:甲", $D$14>=70,"績效:乙", $D$14>=60,"績效:丙", $D$14>=50,"績效:丁", $D$14>=1,"績效:戊" ), "" ), "" )}
B15: 附註 : 一 、依據漁會人事管理辦法第54條規定訂定，但各漁會得視業務特性及需要自行訂定。
B16: 二 、平時考核紀錄等級分為6級，平時考核紀錄等級分述如下:
B17: 優:90-99(表現優異，足為同仁表率。)
B18: 甲:80-89(表現明顯地超出該職責的要求水準。)
B19: 乙:70-79(表現均能達到要求水準。)
B20: 丙:60-69(表現未盡符合基本要求。)
B21: 丁:50-59(表現多未達基本要求，經勸導仍未改進者。)
B22: 戊:40-49(無故曠工。)

Sheet 黃湧淇
B1: 115年度彰化區漁會年度考核/績效成績表
B2: 姓名 | C2: 黃湧淇 | F2: 服務部門 | H2: 鹿港辦事處
B3: 工作內容(必填) | C3: 鹿港辦事處各項業務管理。
B4: 考核期間 | C4: 115年O1月至12月 | H4: 主管 | J4: 員工
B5: 考 核 項 目 | C5: 考核內容 | F5: 分數(0~100) | H5: 考核 | I5: 績效 | J5: 考核 | K5: 績效
B6: 工作知能及 公文績效 | C6: 嫻熟工作相關專業知識，對於承辦業務能提出具體改進措施，或簡化工作流程，提升效能效率，增進工作績效。公文處理均能掌握品質及時效，臨時交辦案件亦能依限完成。 | H6: 0.3 | I6: 0.2 | J6: 0.3 | K6: 0.25
B7: 服務態度、工作積極及品德操守 | C7: 負責盡職，積極辦理業務，落實顧客導向，提升服務品質。發揮團隊精神，對於工作與職務調整，及與他人協調合作，能優先考量組織目標之達成。 公正和藹，保守秘密，謹慎勤勉，誠實廉潔，無奢侈、放蕩、冶遊、賭博及其他有害聲譽之行為。 | H7: 0.3 | I7: 0.2 | J7: 0.4 | K7: 0.25
B8: 領導協調 能力(主管職務) | C8: 具判斷決策溝通協調能力，並能傳授知識、經驗、技能，適當指導同仁，且經常檢討工作計畫執行情形，達成預定績效目標。 | H8: 0.1 | I8: 0.1 | J8: 0 | K8: 0
B9: 年度目標達成度 | C9: 達成漁會訂定之目標值或成效，如期完成或較預定進度超前，充分達成計畫目標，績效卓著。 | H9: 0.3 | I9: 0.5 | J9: 0.3 | K9: 0.5
B10: 個人重大具體優劣事蹟(受考人如有工作、操行、學識、才能等重大具體優劣事蹟，足資紀錄者，應填於本欄 ，以作為考評之重要參據。) 或主管評定優等或丙等(含)以下應加敘事由或事蹟 | H10: =SUM(H6:H9) | I10: =SUM(I6:I9) | J10: =SUM(J6:J9) | K10: =SUM(K6:K9)
B12: 單位主管評定等級及分數 (請簽章) | F12: 總幹事綜合考評 (請簽章)
B13: 考核 | D13: =IFERROR( IF( INDEX(參數!$A:$D, MATCH(C2, 參數!$B:$B, 0), 4) = "員工", ROUND(SUM(F6*J6, F7*J7, F8*J8, F9*J9), 0), IF( INDEX(參數!$A:$D, MATCH(C2, 參數!$B:$B, 0), 4) = "主管", ROUND(SUM(F6*H6, F7*H7, F8*H8, F9*H9), 0), "" ) ), "" ) | E13: {=IF(AND(ISNUMBER($D$13),$D$13>0), IFERROR( _xlfn.IFS( $D$13>=90,"考核:優", $D$13>=80,"考核:甲", $D$13>=70,"考核:乙", $D$13>=60,"考核:丙", $D$13>=50,"考核:丁", $D$13>=1,"考核:戊" ), "" ), "" )}
B14: 績效 | D14: =IFERROR( IF( INDEX(參數!$A:$D, MATCH(C2, 參數!$B:$B, 0), 4) = "員工", ROUND(SUM(F6*K6, F7*K7, F8*K8, F9*K9), 0), IF( INDEX(參數!$A:$D, MATCH(C2, 參數!$B:$B, 0), 4) = "主管", ROUND(SUM(F6*I6, F7*I7, F8*I8, F9*I9), 0), "" ) ), "" ) | E14: {=IF(AND(ISNUMBER($D$14),$D$14>0), IFERROR( _xlfn.IFS( $D$14>=90,"績效:優", $D$14>=80,"績效:甲", $D$14>=70,"績效:乙", $D$14>=60,"績效:丙", $D$14>=50,"績效:丁", $D$14>=1,"績效:戊" ), "" ), "" )}
B15: 附註 : 一 、依據漁會人事管理辦法第54條規定訂定，但各漁會得視業務特性及需要自行訂定。
B16: 二 、平時考核紀錄等級分為6級，平時考核紀錄等級分述如下:
B17: 優:90-99(表現優異，足為同仁表率。)
B18: 甲:80-89(表現明顯地超出該職責的要求水準。)
B19: 乙:70-79(表現均能達到要求水準。)
B20: 丙:60-69(表現未盡符合基本要求。)
B21: 丁:50-59(表現多未達基本要求，經勸導仍未改進者。)
B22: 戊:40-49(無故曠工。)

Sheet 黃明田
B1: 115年度彰化區漁會年度考核/績效成績表
B2: 姓名 | C2: 黃明田 | F2: 服務部門 | H2: 企劃部
B3: 工作內容(必填) | C3: 總理資訊業務
B4: 考核期間 | C4: 115年O1月至12月 | H4: 主管 | J4: 員工
B5: 考 核 項 目 | C5: 考核內容 | F5: 分數(0~100) | H5: 考核 | I5: 績效 | J5: 考核 | K5: 績效
B6: 工作知能及 公文績效 | C6: 嫻熟工作相關專業知識，對於承辦業務能提出具體改進措施，或簡化工作流程，提升效能效率，增進工作績效。公文處理均能掌握品質及時效，臨時交辦案件亦能依限完成。 | H6: 0.3 | I6: 0.2 | J6: 0.3 | K6: 0.25
B7: 服務態度、工作積極及品德操守 | C7: 負責盡職，積極辦理業務，落實顧客導向，提升服務品質。發揮團隊精神，對於工作與職務調整，及與他人協調合作，能優先考量組織目標之達成。 公正和藹，保守秘密，謹慎勤勉，誠實廉潔，無奢侈、放蕩、冶遊、賭博及其他有害聲譽之行為。 | H7: 0.3 | I7: 0.2 | J7: 0.4 | K7: 0.25
B8: 領導協調 能力(主管職務) | C8: 具判斷決策溝通協調能力，並能傳授知識、經驗、技能，適當指導同仁，且經常檢討工作計畫執行情形，達成預定績效目標。 | H8: 0.1 | I8: 0.1 | J8: 0 | K8: 0
B9: 年度目標達成度 | C9: 達成漁會訂定之目標值或成效，如期完成或較預定進度超前，充分達成計畫目標，績效卓著。 | H9: 0.3 | I9: 0.5 | J9: 0.3 | K9: 0.5
B10: 個人重大具體優劣事蹟(受考人如有工作、操行、學識、才能等重大具體優劣事蹟，足資紀錄者，應填於本欄 ，以作為考評之重要參據。) 或主管評定優等或丙等(含)以下應加敘事由或事蹟 | H10: =SUM(H6:H9) | I10: =SUM(I6:I9) | J10: =SUM(J6:J9) | K10: =SUM(K6:K9)
B12: 單位主管評定等級及分數 (請簽章) | F12: 總幹事綜合考評 (請簽章)
B13: 考核 | D13: =IFERROR( IF( INDEX(參數!$A:$D, MATCH(C2, 參數!$B:$B, 0), 4) = "員工", ROUND(SUM(F6*J6, F7*J7, F8*J8, F9*J9), 0), IF( INDEX(參數!$A:$D, MATCH(C2, 參數!$B:$B, 0), 4) = "主管", ROUND(SUM(F6*H6, F7*H7, F8*H8, F9*H9), 0), "" ) ), "" ) | E13: {=IF(AND(ISNUMBER($D$13),$D$13>0), IFERROR( _xlfn.IFS( $D$13>=90,"考核:優", $D$13>=80,"考核:甲", $D$13>=70,"考核:乙", $D$13>=60,"考核:丙", $D$13>=50,"考核:丁", $D$13>=1,"考核:戊" ), "" ), "" )}
B14: 績效 | D14: =IFERROR( IF( INDEX(參數!$A:$D, MATCH(C2, 參數!$B:$B, 0), 4) = "員工", ROUND(SUM(F6*K6, F7*K7, F8*K8, F9*K9), 0), IF( INDEX(參數!$A:$D, MATCH(C2, 參數!$B:$B, 0), 4) = "主管", ROUND(SUM(F6*I6, F7*I7, F8*I8, F9*I9), 0), "" ) ), "" ) | E14: {=IF(AND(ISNUMBER($D$14),$D$14>0), IFERROR( _xlfn.IFS( $D$14>=90,"績效:優", $D$14>=80,"績效:甲", $D$14>=70,"績效:乙", $D$14>=60,"績效:丙", $D$14>=50,"績效:丁", $D$14>=1,"績效:戊" ), "" ), "" )}
B15: 附註 : 一 、依據漁會人事管理辦法第54條規定訂定，但各漁會得視業務特性及需要自行訂定。
B16: 二 、平時考核紀錄等級分為6級，平時考核紀錄等級分述如下:
B17: 優:90-99(表現優異，足為同仁表率。)
B18: 甲:80-89(表現明顯地超出該職責的要求水準。)
B19: 乙:70-79(表現均能達到要求水準。)
B20: 丙:60-69(表現未盡符合基本要求。)
B21: 丁:50-59(表現多未達基本要求，經勸導仍未改進者。)
B22: 戊:40-49(無故曠工。)

Sheet 吳素顏
B1: 115年度彰化區漁會年度考核/績效成績表
B2: 姓名 | C2: 吳素顏 | F2: 服務部門 | H2: 稽核部
B3: 工作內容(必填) | C3: 企劃及稽核業務管理。
B4: 考核期間 | C4: 115年O1月至12月 | H4: 主管 | J4: 員工
B5: 考 核 項 目 | C5: 考核內容 | F5: 分數(0~100) | H5: 考核 | I5: 績效 | J5: 考核 | K5: 績效
B6: 工作知能及 公文績效 | C6: 嫻熟工作相關專業知識，對於承辦業務能提出具體改進措施，或簡化工作流程，提升效能效率，增進工作績效。公文處理均能掌握品質及時效，臨時交辦案件亦能依限完成。 | H6: 0.3 | I6: 0.2 | J6: 0.3 | K6: 0.25
B7: 服務態度、工作積極及品德操守 | C7: 負責盡職，積極辦理業務，落實顧客導向，提升服務品質。發揮團隊精神，對於工作與職務調整，及與他人協調合作，能優先考量組織目標之達成。 公正和藹，保守秘密，謹慎勤勉，誠實廉潔，無奢侈、放蕩、冶遊、賭博及其他有害聲譽之行為。 | H7: 0.3 | I7: 0.2 | J7: 0.4 | K7: 0.25
B8: 領導協調 能力(主管職務) | C8: 具判斷決策溝通協調能力，並能傳授知識、經驗、技能，適當指導同仁，且經常檢討工作計畫執行情形，達成預定績效目標。 | H8: 0.1 | I8: 0.1 | J8: 0 | K8: 0
B9: 年度目標達成度 | C9: 達成漁會訂定之目標值或成效，如期完成或較預定進度超前，充分達成計畫目標，績效卓著。 | H9: 0.3 | I9: 0.5 | J9: 0.3 | K9: 0.5
B10: 個人重大具體優劣事蹟(受考人如有工作、操行、學識、才能等重大具體優劣事蹟，足資紀錄者，應填於本欄 ，以作為考評之重要參據。) 或主管評定優等或丙等(含)以下應加敘事由或事蹟 | H10: =SUM(H6:H9) | I10: =SUM(I6:I9) | J10: =SUM(J6:J9) | K10: =SUM(K6:K9)
B12: 單位主管評定等級及分數 (請簽章) | F12: 總幹事綜合考評 (請簽章)
B13: 考核 | D13: =IFERROR( IF( INDEX(參數!$A:$D, MATCH(C2, 參數!$B:$B, 0), 4) = "員工", ROUND(SUM(F6*J6, F7*J7, F8*J8, F9*J9), 0), IF( INDEX(參數!$A:$D, MATCH(C2, 參數!$B:$B, 0), 4) = "主管", ROUND(SUM(F6*H6, F7*H7, F8*H8, F9*H9), 0), "" ) ), "" ) | E13: {=IF(AND(ISNUMBER($D$13),$D$13>0), IFERROR( _xlfn.IFS( $D$13>=90,"考核:優", $D$13>=80,"考核:甲", $D$13>=70,"考核:乙", $D$13>=60,"考核:丙", $D$13>=50,"考核:丁", $D$13>=1,"考核:戊" ), "" ), "" )}
B14: 績效 | D14: =IFERROR( IF( INDEX(參數!$A:$D, MATCH(C2, 參數!$B:$B, 0), 4) = "員工", ROUND(SUM(F6*K6, F7*K7, F8*K8, F9*K9), 0), IF( INDEX(參數!$A:$D, MATCH(C2, 參數!$B:$B, 0), 4) = "主管", ROUND(SUM(F6*I6, F7*I7, F8*I8, F9*I9), 0), "" ) ), "" ) | E14: {=IF(AND(ISNUMBER($D$14),$D$14>0), IFERROR( _xlfn.IFS( $D$14>=90,"績效:優", $D$14>=80,"績效:甲", $D$14>=70,"績效:乙", $D$14>=60,"績效:丙", $D$14>=50,"績效:丁", $D$14>=1,"績效:戊" ), "" ), "" )}
B15: 附註 : 一 、依據漁會人事管理辦法第54條規定訂定，但各漁會得視業務特性及需要自行訂定。
B16: 二 、平時考核紀錄等級分為6級，平時考核紀錄等級分述如下:
B17: 優:90-99(表現優異，足為同仁表率。)
B18: 甲:80-89(表現明顯地超出該職責的要求水準。)
B19: 乙:70-79(表現均能達到要求水準。)
B20: 丙:60-69(表現未盡符合基本要求。)
B21: 丁:50-59(表現多未達基本要求，經勸導仍未改進者。)
B22: 戊:40-49(無故曠工。)

Sheet 黃姿菁
B1: 115年度彰化區漁會年度考核/績效成績表
B2: 姓名 | C2: 黃姿菁 | F2: 服務部門 | H2: 推廣部
B3: 工作內容(必填) | C3: 推廣部業務管理。
B4: 考核期間 | C4: 115年O1月至12月 | H4: 主管 | J4: 員工
B5: 考 核 項 目 | C5: 考核內容 | F5: 分數(0~100) | H5: 考核 | I5: 績效 | J5: 考核 | K5: 績效
B6: 工作知能及 公文績效 | C6: 嫻熟工作相關專業知識，對於承辦業務能提出具體改進措施，或簡化工作流程，提升效能效率，增進工作績效。公文處理均能掌握品質及時效，臨時交辦案件亦能依限完成。 | H6: 0.3 | I6: 0.2 | J6: 0.3 | K6: 0.25
B7: 服務態度、工作積極及品德操守 | C7: 負責盡職，積極辦理業務，落實顧客導向，提升服務品質。發揮團隊精神，對於工作與職務調整，及與他人協調合作，能優先考量組織目標之達成。 公正和藹，保守秘密，謹慎勤勉，誠實廉潔，無奢侈、放蕩、冶遊、賭博及其他有害聲譽之行為。 | H7: 0.3 | I7: 0.2 | J7: 0.4 | K7: 0.25
B8: 領導協調 能力(主管職務) | C8: 具判斷決策溝通協調能力，並能傳授知識、經驗、技能，適當指導同仁，且經常檢討工作計畫執行情形，達成預定績效目標。 | H8: 0.1 | I8: 0.1 | J8: 0 | K8: 0
B9: 年度目標達成度 | C9: 達成漁會訂定之目標值或成效，如期完成或較預定進度超前，充分達成計畫目標，績效卓著。 | H9: 0.3 | I9: 0.5 | J9: 0.3 | K9: 0.5
B10: 個人重大具體優劣事蹟(受考人如有工作、操行、學識、才能等重大具體優劣事蹟，足資紀錄者，應填於本欄 ，以作為考評之重要參據。) 或主管評定優等或丙等(含)以下應加敘事由或事蹟 | H10: =SUM(H6:H9) | I10: =SUM(I6:I9) | J10: =SUM(J6:J9) | K10: =SUM(K6:K9)
B12: 單位主管評定等級及分數 (請簽章) | F12: 總幹事綜合考評 (請簽章)
B13: 考核 | D13: =IFERROR( IF( INDEX(參數!$A:$D, MATCH(C2, 參數!$B:$B, 0), 4) = "員工", ROUND(SUM(F6*J6, F7*J7, F8*J8, F9*J9), 0), IF( INDEX(參數!$A:$D, MATCH(C2, 參數!$B:$B, 0), 4) = "主管", ROUND(SUM(F6*H6, F7*H7, F8*H8, F9*H9), 0), "" ) ), "" ) | E13: {=IF(AND(ISNUMBER($D$13),$D$13>0), IFERROR( _xlfn.IFS( $D$13>=90,"考核:優", $D$13>=80,"考核:甲", $D$13>=70,"考核:乙", $D$13>=60,"考核:丙", $D$13>=50,"考核:丁", $D$13>=1,"考核:戊" ), "" ), "" )}
B14: 績效 | D14: =IFERROR( IF( INDEX(參數!$A:$D, MATCH(C2, 參數!$B:$B, 0), 4) = "員工", ROUND(SUM(F6*K6, F7*K7, F8*K8, F9*K9), 0), IF( INDEX(參數!$A:$D, MATCH(C2, 參數!$B:$B, 0), 4) = "主管", ROUND(SUM(F6*I6, F7*I7, F8*I8, F9*I9), 0), "" ) ), "" ) | E14: {=IF(AND(ISNUMBER($D$14),$D$14>0), IFERROR( _xlfn.IFS( $D$14>=90,"績效:優", $D$14>=80,"績效:甲", $D$14>=70,"績效:乙", $D$14>=60,"績效:丙", $D$14>=50,"績效:丁", $D$14>=1,"績效:戊" ), "" ), "" )}
B15: 附註 : 一 、依據漁會人事管理辦法第54條規定訂定，但各漁會得視業務特性及需要自行訂定。
B16: 二 、平時考核紀錄等級分為6級，平時考核紀錄等級分述如下:
B17: 優:90-99(表現優異，足為同仁表率。)
B18: 甲:80-89(表現明顯地超出該職責的要求水準。)
B19: 乙:70-79(表現均能達到要求水準。)
B20: 丙:60-69(表現未盡符合基本要求。)
B21: 丁:50-59(表現多未達基本要求，經勸導仍未改進者。)
B22: 戊:40-49(無故曠工。)

Sheet 沈宗儒
B1: 115年度彰化區漁會年度考核/績效成績表
B2: 姓名 | C2: 沈宗儒 | F2: 服務部門 | H2: 推廣部
B3: 工作內容(必填) | C3: 推廣部養殖股業務管理。
B4: 考核期間 | C4: 115年O1月至12月 | H4: 主管 | J4: 員工
B5: 考 核 項 目 | C5: 考核內容 | F5: 分數(0~100) | H5: 考核 | I5: 績效 | J5: 考核 | K5: 績效
B6: 工作知能及 公文績效 | C6: 嫻熟工作相關專業知識，對於承辦業務能提出具體改進措施，或簡化工作流程，提升效能效率，增進工作績效。公文處理均能掌握品質及時效，臨時交辦案件亦能依限完成。 | H6: 0.3 | I6: 0.2 | J6: 0.3 | K6: 0.25
B7: 服務態度、工作積極及品德操守 | C7: 負責盡職，積極辦理業務，落實顧客導向，提升服務品質。發揮團隊精神，對於工作與職務調整，及與他人協調合作，能優先考量組織目標之達成。 公正和藹，保守秘密，謹慎勤勉，誠實廉潔，無奢侈、放蕩、冶遊、賭博及其他有害聲譽之行為。 | H7: 0.3 | I7: 0.2 | J7: 0.4 | K7: 0.25
B8: 領導協調 能力(主管職務) | C8: 具判斷決策溝通協調能力，並能傳授知識、經驗、技能，適當指導同仁，且經常檢討工作計畫執行情形，達成預定績效目標。 | H8: 0.1 | I8: 0.1 | J8: 0 | K8: 0
B9: 年度目標達成度 | C9: 達成漁會訂定之目標值或成效，如期完成或較預定進度超前，充分達成計畫目標，績效卓著。 | H9: 0.3 | I9: 0.5 | J9: 0.3 | K9: 0.5
B10: 個人重大具體優劣事蹟(受考人如有工作、操行、學識、才能等重大具體優劣事蹟，足資紀錄者，應填於本欄 ，以作為考評之重要參據。) 或主管評定優等或丙等(含)以下應加敘事由或事蹟 | H10: =SUM(H6:H9) | I10: =SUM(I6:I9) | J10: =SUM(J6:J9) | K10: =SUM(K6:K9)
B12: 單位主管評定等級及分數 (請簽章) | F12: 總幹事綜合考評 (請簽章)
B13: 考核 | D13: =IFERROR( IF( INDEX(參數!$A:$D, MATCH(C2, 參數!$B:$B, 0), 4) = "員工", ROUND(SUM(F6*J6, F7*J7, F8*J8, F9*J9), 0), IF( INDEX(參數!$A:$D, MATCH(C2, 參數!$B:$B, 0), 4) = "主管", ROUND(SUM(F6*H6, F7*H7, F8*H8, F9*H9), 0), "" ) ), "" ) | E13: {=IF(AND(ISNUMBER($D$13),$D$13>0), IFERROR( _xlfn.IFS( $D$13>=90,"考核:優", $D$13>=80,"考核:甲", $D$13>=70,"考核:乙", $D$13>=60,"考核:丙", $D$13>=50,"考核:丁", $D$13>=1,"考核:戊" ), "" ), "" )}
B14: 績效 | D14: =IFERROR( IF( INDEX(參數!$A:$D, MATCH(C2, 參數!$B:$B, 0), 4) = "員工", ROUND(SUM(F6*K6, F7*K7, F8*K8, F9*K9), 0), IF( INDEX(參數!$A:$D, MATCH(C2, 參數!$B:$B, 0), 4) = "主管", ROUND(SUM(F6*I6, F7*I7, F8*I8, F9*I9), 0), "" ) ), "" ) | E14: {=IF(AND(ISNUMBER($D$14),$D$14>0), IFERROR( _xlfn.IFS( $D$14>=90,"績效:優", $D$14>=80,"績效:甲", $D$14>=70,"績效:乙", $D$14>=60,"績效:丙", $D$14>=50,"績效:丁", $D$14>=1,"績效:戊" ), "" ), "" )}
B15: 附註 : 一 、依據漁會人事管理辦法第54條規定訂定，但各漁會得視業務特性及需要自行訂定。
B16: 二 、平時考核紀錄等級分為6級，平時考核紀錄等級分述如下:
B17: 優:90-99(表現優異，足為同仁表率。)
B18: 甲:80-89(表現明顯地超出該職責的要求水準。)
B19: 乙:70-79(表現均能達到要求水準。)
B20: 丙:60-69(表現未盡符合基本要求。)
B21: 丁:50-59(表現多未達基本要求，經勸導仍未改進者。)
B22: 戊:40-49(無故曠工。)

Sheet 林威任
B1: 115年度彰化區漁會年度考核/績效成績表
B2: 姓名 | C2: 林威任 | F2: 服務部門 | H2: 會務部
B3: 工作內容(必填)
B4: 考核期間 | C4: 115年O1月至12月 | H4: 主管 | J4: 員工
B5: 考 核 項 目 | C5: 考核內容 | F5: 分數(0~100) | H5: 考核 | I5: 績效 | J5: 考核 | K5: 績效
B6: 工作知能及 公文績效 | C6: 嫻熟工作相關專業知識，對於承辦業務能提出具體改進措施，或簡化工作流程，提升效能效率，增進工作績效。公文處理均能掌握品質及時效，臨時交辦案件亦能依限完成。 | H6: 0.3 | I6: 0.2 | J6: 0.3 | K6: 0.25
B7: 服務態度、工作積極及品德操守 | C7: 負責盡職，積極辦理業務，落實顧客導向，提升服務品質。發揮團隊精神，對於工作與職務調整，及與他人協調合作，能優先考量組織目標之達成。 公正和藹，保守秘密，謹慎勤勉，誠實廉潔，無奢侈、放蕩、冶遊、賭博及其他有害聲譽之行為。 | H7: 0.3 | I7: 0.2 | J7: 0.4 | K7: 0.25
B8: 領導協調 能力(主管職務) | C8: 具判斷決策溝通協調能力，並能傳授知識、經驗、技能，適當指導同仁，且經常檢討工作計畫執行情形，達成預定績效目標。 | H8: 0.1 | I8: 0.1 | J8: 0 | K8: 0
B9: 年度目標達成度 | C9: 達成漁會訂定之目標值或成效，如期完成或較預定進度超前，充分達成計畫目標，績效卓著。 | H9: 0.3 | I9: 0.5 | J9: 0.3 | K9: 0.5
B10: 個人重大具體優劣事蹟(受考人如有工作、操行、學識、才能等重大具體優劣事蹟，足資紀錄者，應填於本欄 ，以作為考評之重要參據。) 或主管評定優等或丙等(含)以下應加敘事由或事蹟 | H10: =SUM(H6:H9) | I10: =SUM(I6:I9) | J10: =SUM(J6:J9) | K10: =SUM(K6:K9)
B12: 單位主管評定等級及分數 (請簽章) | F12: 總幹事綜合考評 (請簽章)
B13: 考核 | D13: =IFERROR( IF( INDEX(參數!$A:$D, MATCH(C2, 參數!$B:$B, 0), 4) = "員工", ROUND(SUM(F6*J6, F7*J7, F8*J8, F9*J9), 0), IF( INDEX(參數!$A:$D, MATCH(C2, 參數!$B:$B, 0), 4) = "主管", ROUND(SUM(F6*H6, F7*H7, F8*H8, F9*H9), 0), "" ) ), "" ) | E13: {=IF(AND(ISNUMBER($D$13),$D$13>0), IFERROR( _xlfn.IFS( $D$13>=90,"考核:優", $D$13>=80,"考核:甲", $D$13>=70,"考核:乙", $D$13>=60,"考核:丙", $D$13>=50,"考核:丁", $D$13>=1,"考核:戊" ), "" ), "" )}
B14: 績效 | D14: =IFERROR( IF( INDEX(參數!$A:$D, MATCH(C2, 參數!$B:$B, 0), 4) = "員工", ROUND(SUM(F6*K6, F7*K7, F8*K8, F9*K9), 0), IF( INDEX(參數!$A:$D, MATCH(C2, 參數!$B:$B, 0), 4) = "主管", ROUND(SUM(F6*I6, F7*I7, F8*I8, F9*I9), 0), "" ) ), "" ) | E14: {=IF(AND(ISNUMBER($D$14),$D$14>0), IFERROR( _xlfn.IFS( $D$14>=90,"績效:優", $D$14>=80,"績效:甲", $D$14>=70,"績效:乙", $D$14>=60,"績效:丙", $D$14>=50,"績效:丁", $D$14>=1,"績效:戊" ), "" ), "" )}
B15: 附註 : 一 、依據漁會人事管理辦法第54條規定訂定，但各漁會得視業務特性及需要自行訂定。
B16: 二 、平時考核紀錄等級分為6級，平時考核紀錄等級分述如下:
B17: 優:90-99(表現優異，足為同仁表率。)
B18: 甲:80-89(表現明顯地超出該職責的要求水準。)
B19: 乙:70-79(表現均能達到要求水準。)
B20: 丙:60-69(表現未盡符合基本要求。)
B21: 丁:50-59(表現多未達基本要求，經勸導仍未改進者。)
B22: 戊:40-49(無故曠工。)

Sheet 參數
A1: 0011 | B1: 黃祈雯 | C1: 總幹事室 | D1: 員工
A2: 0185 | B2: 陳志清 | C2: 總幹事室 | D2: 員工
A3: 0079 | B3: 陳玉芳 | C3: 供銷部 | D3: 主管
A4: 0116 | B4: 高傳和 | C4: 埔心魚市場 | D4: 主管
A5: 0119 | B5: 林建興 | C5: 埔心魚市場 | D5: 主管
A6: 0118 | B6: 許展彰 | C6: 埔心魚市場 | D6: 主管
A7: 0090 | B7: 林溪河 | C7: 埔心魚市場 | D7: 主管
A8: 0089 | B8: 許淑如 | C8: 王功辦事處 | D8: 主管
A9: 0017 | B9: 洪玉映 | C9: 線西辦事處 | D9: 主管
A10: 0067 | B10: 黃湧淇 | C10: 鹿港辦事處 | D10: 主管
A11: 0029 | B11: 黃明田 | C11: 企劃部 | D11: 主管
A12: 0032 | B12: 吳素顏 | C12: 稽核部 | D12: 主管
... A15: 0186 | B15: 林威任 | C15: 會務部 | D15: 主管
