Workbook

Sheet 粘麗滿
B1: 114年度彰化區漁會年度考核/績效成績表
B2: 姓名 | C2: 粘麗滿 | F2: 服務部門 | H2: 鹿港辦事處
B3: 工作內容(必填) | C3: 1.辦理會籍(會員入會與出會)申請及公文收發作業 2.勞、健保保費-每天下午4:00辦理結帳(核對當天收款明細) 3.每週星期四辦理退費(勞、健保等) 3.每月20日辦理勞健保補助等級異動調整 5.月報表製作1.臨櫃每月25日(上個月26日至當月25日)2.媒體轉帳 6.協辦資訊室扣款(有電腦媒體轉帳銀扣時做媒體轉帳報表) 7.每年7/1通知繳納下半年保費(年繳欠費銀扣需改為臨櫃) 8.每年4月份通知會費2年未繳(積欠1500)→雙掛號通知出會(貸款客戶知會信用部查詢提前通知客戶) 9.每年10月辦理承銷人會費收取(先向魚市場會計確認銷人名單後製據) 10.每年10月份辦理會籍清查及協助辦理選舉業務 11.每年11月底辦理→資訊室已產生下年度會費及勞健保費 (新加保的要手工產生明年度保費) (甲類和乙類和團體都要新增新年度會費及保費) 12.辦理甲類老漁會費與新年度漁保費收費及調高投保薪資補收當年度需完成收費作業 13.每年2月(上半年)及8月(下半年)辦理催繳欠費作業 14.每年檢查未退費名冊一次及理事會資料報送與辦事處財產管理
B4: 考核期間 | C4: 114年O1月至12月 | H4: 主管 | J4: 員工
B5: 考 核 項 目 | C5: 考核內容 | F5: 分數(0~100) | H5: 考核 | I5: 績效 | J5: 考核 | K5: 績效
B6: 工作知能及 公文績效 | C6: 嫻熟工作相關專業知識，對於承辦業務能提出具體改進措施，或簡化工作流程，提升效能效率，增進工作績效。公文處理均能掌握品質及時效，臨時交辦案件亦能依限完成。 | F6: 83 | H6: 0.3 | I6: 0.2 | J6: 0.3 | K6: 0.25
B7: 服務態度、工作積極及品德操守 | C7: 負責盡職，積極辦理業務，落實顧客導向，提升服務品質。發揮團隊精神，對於工作與職務調整，及與他人協調合作，能優先考量組織目標之達成。 公正和藹，保守秘密，謹慎勤勉，誠實廉潔，無奢侈、放蕩、冶遊、賭博及其他有害聲譽之行為。 | F7: 80 | H7: 0.3 | I7: 0.2 | J7: 0.4 | K7: 0.25
B8: 領導協調 能力(主管職務) | C8: 具判斷決策溝通協調能力，並能傳授知識、經驗、技能，適當指導同仁，且經常檢討工作計畫執行情形，達成預定績效目標。 | H8: 0.1 | I8: 0.1 | J8: 0 | K8: 0
B9: 年度目標達成度 | C9: 達成漁會訂定之目標值或成效，如期完成或較預定進度超前，充分達成計畫目標，績效卓著。 | F9: 86 | H9: 0.3 | I9: 0.5 | J9: 0.3 | K9: 0.5
B10: 個人重大具體優劣事蹟(受考人如有工作、操行、學識、才能等重大具體優劣事蹟，足資紀錄者，應填於本欄 ，以作為考評之重要參據。) 或主管評定優等或丙等(含)以下應加敘事由或事蹟 | H10: =SUM(H6:H9) -> 1 | I10: =SUM(I6:I9) -> 1 | J10: =SUM(J6:J9) -> 1 | K10: =SUM(K6:K9) -> 1
B12: 單位主管評定等級及分數 (請簽章) | F12: 總幹事綜合考評 (請簽章)
B13: 考核 | D13: =IFERROR( IF( INDEX(參數!$A:$D, MATCH(C2, 參數!$B:$B, 0), 4) = "員工", ROUND(SUM(F6*J6, F7*J7, F8*J8, F9*J9), 0), IF( INDEX(參數!$A:$D, MATCH(C2, 參數!$B:$B, 0), 4) = "主管", ROUND(SUM(F6*H6, F7*H7, F8*H8, F9*H9), 0), "" ) ), "" ) -> 83 | E13: {=IF(AND(ISNUMBER($D$13),$D$13>0), IFERROR( _xlfn.IFS( $D$13>=90,"考核:優", $D$13>=80,"考核:甲", $D$13>=70,"考核:乙", $D$13>=60,"考核:丙", $D$13>=50,"考核:丁", $D$13>=1,"考核:戊" ), "" ), "" )} -> 考核:甲
B14: 績效 | D14: =IFERROR( IF( INDEX(參數!$A:$D, MATCH(C2, 參數!$B:$B, 0), 4) = "員工", ROUND(SUM(F6*K6, F7*K7, F8*K8, F9*K9), 0), IF( INDEX(參數!$A:$D, MATCH(C2, 參數!$B:$B, 0), 4) = "主管", ROUND(SUM(F6*I6, F7*I7, F8*I8, F9*I9), 0), "" ) ), "" ) -> 84 | E14: {=IF(AND(ISNUMBER($D$14),$D$14>0), IFERROR( _xlfn.IFS( $D$14>=90,"績效:優", $D$14>=80,"績效:甲", $D$14>=70,"績效:乙", $D$14>=60,"績效:丙", $D$14>=50,"績效:丁", $D$14>=1,"績效:戊" ), "" ), "" )} -> 績效:甲
B15: 附註 : 一 、依據漁會人事管理辦法第54條規定訂定，但各漁會得視業務特性及需要自行訂定。
B16: 二 、平時考核紀錄等級分為6級，平時考核紀錄等級分述如下:
B17: 優:90-99(表現優異，足為同仁表率。)
B18: 甲:80-89(表現明顯地超出該職責的要求水準。)
B19: 乙:70-79(表現均能達到要求水準。)
B20: 丙:60-69(表現未盡符合基本要求。)
B21: 丁:50-59(表現多未達基本要求，經勸導仍未改進者。)
B22: 戊:40-49(無故曠工。)

Sheet 郭勝男
B1: 114年度彰化區漁會年度考核/績效成績表
B2: 姓名 | C2: 郭勝男 | F2: 服務部門 | H2: 鹿港辦事處
B3: 工作內容(必填) | C3: 1. 辦理AIS及航程記錄器(VDR)補助申請 2. 辦理蚵線配售申購及放養量申報 3. 天然災害回報與協助申請救助 4. 辦理船員訓練申報與漁船保險及漁民救難獎勵金,救難漁船獎勵金(全國漁會)申請 5. 辦理漁業執照換發,漁筏定檢,小船定檢,船員手冊換發及漁筏監理執照、小船執造、變更引擎、變更船員、保留汰建權、船筏買賣、汰建、改造及變更、娛樂漁船、購油手冊等申請 6. 協助辦理風電補償金發放及協助離岸風電對漁業生態研究(基隆海大)資料收集 7. 辦理休漁及漁船汽油補貼 8. 協辦烏魚及鰻苗漁獲量回報 9. 協助辦理牡蠣搬運機定期檢查及牌照申請 10.辦理漁業動力用油供售作業 11.協助國軍射擊及航行避險公告。
B4: 考核期間 | C4: 114年O1月至12月 | H4: 主管 | J4: 員工
B5: 考 核 項 目 | C5: 考核內容 | F5: 分數(0~100) | H5: 考核 | I5: 績效 | J5: 考核 | K5: 績效
B6: 工作知能及 公文績效 | C6: 嫻熟工作相關專業知識，對於承辦業務能提出具體改進措施，或簡化工作流程，提升效能效率，增進工作績效。公文處理均能掌握品質及時效，臨時交辦案件亦能依限完成。 | F6: 85 | H6: 0.3 | I6: 0.2 | J6: 0.3 | K6: 0.25
B7: 服務態度、工作積極及品德操守 | C7: 負責盡職，積極辦理業務，落實顧客導向，提升服務品質。發揮團隊精神，對於工作與職務調整，及與他人協調合作，能優先考量組織目標之達成。 公正和藹，保守秘密，謹慎勤勉，誠實廉潔，無奢侈、放蕩、冶遊、賭博及其他有害聲譽之行為。 | F7: 81 | H7: 0.3 | I7: 0.2 | J7: 0.4 | K7: 0.25
B8: 領導協調 能力(主管職務) | C8: 具判斷決策溝通協調能力，並能傳授知識、經驗、技能，適當指導同仁，且經常檢討工作計畫執行情形，達成預定績效目標。 | H8: 0.1 | I8: 0.1 | J8: 0 | K8: 0
B9: 年度目標達成度 | C9: 達成漁會訂定之目標值或成效，如期完成或較預定進度超前，充分達成計畫目標，績效卓著。 | F9: 80 | H9: 0.3 | I9: 0.5 | J9: 0.3 | K9: 0.5
B10: 個人重大具體優劣事蹟(受考人如有工作、操行、學識、才能等重大具體優劣事蹟，足資紀錄者，應填於本欄 ，以作為考評之重要參據。) 或主管評定優等或丙等(含)以下應加敘事由或事蹟 | H10: =SUM(H6:H9) -> 1 | I10: =SUM(I6:I9) -> 1 | J10: =SUM(J6:J9) -> 1 | K10: =SUM(K6:K9) -> 1
B12: 單位主管評定等級及分數 (請簽章) | F12: 總幹事綜合考評 (請簽章)
B13: 考核 | D13: =IFERROR( IF( INDEX(參數!$A:$D, MATCH(C2, 參數!$B:$B, 0), 4) = "員工", ROUND(SUM(F6*J6, F7*J7, F8*J8, F9*J9), 0), IF( INDEX(參數!$A:$D, MATCH(C2, 參數!$B:$B, 0), 4) = "主管", ROUND(SUM(F6*H6, F7*H7, F8*H8, F9*H9), 0), "" ) ), "" ) -> 82 | E13: {=IF(AND(ISNUMBER($D$13),$D$13>0), IFERROR( _xlfn.IFS( $D$13>=90,"考核:優", $D$13>=80,"考核:甲", $D$13>=70,"考核:乙", $D$13>=60,"考核:丙", $D$13>=50,"考核:丁", $D$13>=1,"考核:戊" ), "" ), "" )} -> 考核:甲
B14: 績效 | D14: =IFERROR( IF( INDEX(參數!$A:$D, MATCH(C2, 參數!$B:$B, 0), 4) = "員工", ROUND(SUM(F6*K6, F7*K7, F8*K8, F9*K9), 0), IF( INDEX(參數!$A:$D, MATCH(C2, 參數!$B:$B, 0), 4) = "主管", ROUND(SUM(F6*I6, F7*I7, F8*I8, F9*I9), 0), "" ) ), "" ) -> 82 | E14: {=IF(AND(ISNUMBER($D$14),$D$14>0), IFERROR( _xlfn.IFS( $D$14>=90,"績效:優", $D$14>=80,"績效:甲", $D$14>=70,"績效:乙", $D$14>=60,"績效:丙", $D$14>=50,"績效:丁", $D$14>=1,"績效:戊" ), "" ), "" )} -> 績效:甲
B15: 附註 : 一 、依據漁會人事管理辦法第54條規定訂定，但各漁會得視業務特性及需要自行訂定。
B16: 二 、平時考核紀錄等級分為6級，平時考核紀錄等級分述如下:
B17: 優:90-99(表現優異，足為同仁表率。)
B18: 甲:80-89(表現明顯地超出該職責的要求水準。)
B19: 乙:70-79(表現均能達到要求水準。)
B20: 丙:60-69(表現未盡符合基本要求。)
B21: 丁:50-59(表現多未達基本要求，經勸導仍未改進者。)
B22: 戊:40-49(無故曠工。)

Sheet 李陳佳若
B1: 114年度彰化區漁會年度考核/績效成績表
B2: 姓名 | C2: 李陳佳若 | F2: 服務部門 | H2: 鹿港辦事處
B3: 工作內容(必填) | C3: 1.辦理勞.健保(加.退.停.續)保作業。 2.製作勞健保人數統計表。 3.辦理老漁津貼申請及老漁津貼審查(滿65歲前半年)。 4.辦理勞保各項給付申請。 5.理事會會員人數統計。 6.辦理每年度農漁民子女助學金申請。 7.辦理每年度調高投保薪資申請。 8.辦理健保會員資格審查。 9.每年健保評比(3月至9月)。 10.辦理汽機車保險。 11.其他協辦事項。
B4: 考核期間 | C4: 114年O1月至12月 | H4: 主管 | J4: 員工
B5: 考 核 項 目 | C5: 考核內容 | F5: 分數(0~100) | H5: 考核 | I5: 績效 | J5: 考核 | K5: 績效
B6: 工作知能及 公文績效 | C6: 嫻熟工作相關專業知識，對於承辦業務能提出具體改進措施，或簡化工作流程，提升效能效率，增進工作績效。公文處理均能掌握品質及時效，臨時交辦案件亦能依限完成。 | F6: 85 | H6: 0.3 | I6: 0.2 | J6: 0.3 | K6: 0.25
B7: 服務態度、工作積極及品德操守 | C7: 負責盡職，積極辦理業務，落實顧客導向，提升服務品質。發揮團隊精神，對於工作與職務調整，及與他人協調合作，能優先考量組織目標之達成。 公正和藹，保守秘密，謹慎勤勉，誠實廉潔，無奢侈、放蕩、冶遊、賭博及其他有害聲譽之行為。 | F7: 85 | H7: 0.3 | I7: 0.2 | J7: 0.4 | K7: 0.25
B8: 領導協調 能力(主管職務) | C8: 具判斷決策溝通協調能力，並能傳授知識、經驗、技能，適當指導同仁，且經常檢討工作計畫執行情形，達成預定績效目標。 | H8: 0.1 | I8: 0.1 | J8: 0 | K8: 0
B9: 年度目標達成度 | C9: 達成漁會訂定之目標值或成效，如期完成或較預定進度超前，充分達成計畫目標，績效卓著。 | F9: 80 | H9: 0.3 | I9: 0.5 | J9: 0.3 | K9: 0.5
B10: 個人重大具體優劣事蹟(受考人如有工作、操行、學識、才能等重大具體優劣事蹟，足資紀錄者，應填於本欄 ，以作為考評之重要參據。) 或主管評定優等或丙等(含)以下應加敘事由或事蹟 | H10: =SUM(H6:H9) -> 1 | I10: =SUM(I6:I9) -> 1 | J10: =SUM(J6:J9) -> 1 | K10: =SUM(K6:K9) -> 1
B12: 單位主管評定等級及分數 (請簽章) | F12: 總幹事綜合考評 (請簽章)
B13: 考核 | D13: =IFERROR( IF( INDEX(參數!$A:$D, MATCH(C2, 參數!$B:$B, 0), 4) = "員工", ROUND(SUM(F6*J6, F7*J7, F8*J8, F9*J9), 0), IF( INDEX(參數!$A:$D, MATCH(C2, 參數!$B:$B, 0), 4) = "主管", ROUND(SUM(F6*H6, F7*H7, F8*H8, F9*H9), 0), "" ) ), "" ) -> 84 | E13: {=IF(AND(ISNUMBER($D$13),$D$13>0), IFERROR( _xlfn.IFS( $D$13>=90,"考核:優", $D$13>=80,"考核:甲", $D$13>=70,"考核:乙", $D$13>=60,"考核:丙", $D$13>=50,"考核:丁", $D$13>=1,"考核:戊" ), "" ), "" )} -> 考核:甲
B14: 績效 | D14: =IFERROR( IF( INDEX(參數!$A:$D, MATCH(C2, 參數!$B:$B, 0), 4) = "員工", ROUND(SUM(F6*K6, F7*K7, F8*K8, F9*K9), 0), IF( INDEX(參數!$A:$D, MATCH(C2, 參數!$B:$B, 0), 4) = "主管", ROUND(SUM(F6*I6, F7*I7, F8*I8, F9*I9), 0), "" ) ), "" ) -> 83 | E14: {=IF(AND(ISNUMBER($D$14),$D$14>0), IFERROR( _xlfn.IFS( $D$14>=90,"績效:優", $D$14>=80,"績效:甲", $D$14>=70,"績效:乙", $D$14>=60,"績效:丙", $D$14>=50,"績效:丁", $D$14>=1,"績效:戊" ), "" ), "" )} -> 績效:甲
B15: 附註 : 一 、依據漁會人事管理辦法第54條規定訂定，但各漁會得視業務特性及需要自行訂定。
B16: 二 、平時考核紀錄等級分為6級，平時考核紀錄等級分述如下:
B17: 優:90-99(表現優異，足為同仁表率。)
B18: 甲:80-89(表現明顯地超出該職責的要求水準。)
B19: 乙:70-79(表現均能達到要求水準。)
B20: 丙:60-69(表現未盡符合基本要求。)
B21: 丁:50-59(表現多未達基本要求，經勸導仍未改進者。)
B22: 戊:40-49(無故曠工。)

Sheet 參數
A1: 0073 | B1: 粘麗滿 | C1: 鹿港辦事處 | D1: 員工
A2: 0007 | B2: 郭勝男 | C2: 鹿港辦事處 | D2: 員工
A3: 0171 | B3: 李陳佳若 | C3: 鹿港辦事處 | D3: 員工
